{"cameraMode":{"drawMode":0,"name":"Shaded","section":"Shading Mode"},"sceneLighting":false,"audioPlay":false,"sceneViewState":{"m_AlwaysRefresh":false,"showFog":true,"showSkybox":false,"showFlares":true,"showImageEffects":true,"showParticleSystems":true,"showVisualEffectGraphs":true,"m_FxEnabled":true},"in2DMode":false,"pivot":{"x":0.07334212958812714,"y":0.02709885872900486,"z":0.022784775123000146},"rotation":{"x":-0.16265080869197846,"y":-0.7548334002494812,"z":0.20261012017726899,"w":-0.6024150252342224},"size":0.4302523732185364,"orthographic":false}